{"IG11 0BA": [51.53218765, 0.10796225], "71-73 Hackney Road": [51.5308158, -0.072308], "LE2 0JN": [52.6317875, -1.12202075], "Unit 3, Avonside Industrial Park, Feeder Road,\nSt. Philips, Bristol": [null, null], "UNIT 11 THOMAS TRADE CENTRE, THOMAS ROAD": [null, null], "Capitol Way 34": [41.8037212, -72.2408639], "CR4 4HR": [51.3885774, -0.1647679], "SL6 8EQ": [51.5205958, -0.7107642], "SE2 9SG": [51.49251, 0.11931], "133 Portswood Road": [-33.9064337, 18.4163087], "PO3 5FL": [50.82191, -1.05837], "SW13 9LR": [51.4733891, -0.2496533], "22-23 Arcadia Avenue, Finchley, London": [51.5995502, -0.1947384], "Farringdon Road 95 / 9 Herball Hill": [null, null], "M12 6HU": [53.47404175, -2.2203465], "E15 1DN": [51.5471612, -0.0021198384615384617], "PO2 8RS": [null, null], "Ground floor of 81 b & c London Road, Portsmouth, PO2 8RS": [null, null], "1 Coldhams Road, Coldhams, Cambridge": [null, null], "Kennington Park, Cranmer House, 39 Brixton Road": [null, null], "N15 6RH": [51.5757983, -0.0866487], "E17 5QN": [null, null], "Unit 24, Uplands Business Park, Blackhorse Lane, Walthamstow E17 5QN": [null, null], "SE26 5AQ": [51.42628, -0.03594], "W3 7QE": [51.50523, -0.25766], "E1 2PG": [51.51191, -0.0557], "UK - Unit 4H, Crossley Park, Stockport": [null, null], "SW19 8DR": [51.4340096, -0.19653283333333332], "Units 1&2, Newtown Road Newtown Trade Park, Hove": [null, null], "NW10 0JF": [51.5523104, -0.2551902], "SE27 0DJ": [51.42988, -0.10316], "PO6 1US": [50.83941, -1.04279], "Unit 22 Malham Industrial Estate": [null, null], "SE11 6AQ": [51.4926699, -0.11816], "E10 5BT": [51.57138, -0.01001], "BN1 4FQ": [50.82901005, -0.14037555], "RM10 8PN": [51.549, 0.15748], "NW9 0EQ": [51.59464, -0.26449], "SW12 0PS": [51.44502, -0.14464], "SE16 2DB": [51.49137567631579, -0.0575480447368421], "E10 7QE": [51.5701604, -0.04080025], "SE8 4NT": [51.478606725, -0.02483825], "TW8 0PP": [51.48888, -0.30403], "SE16 4QJ": [51.49705, -0.06621], "E14 4AS": [51.5074176, -0.02646486666666667], "B4 6GA": [52.48413075, -1.898936], "E7 0LA": [51.55152275, 0.027899875], "W2 1JP": [51.5193, -0.17712]}